Country,Births_Per_Woman,Year,Source,
Afghanistan,4.76,2024,,
Albania,1.34,2024,,
Algeria,2.72,2024,,
American Samoa,2.27,2024,,
Andorra,1.09,2024,,
Angola,5.05,2024,,
Antigua and Barbuda,1.58,2024,,
Argentina,1.5,2024,,
Armenia,1.7,2024,,
Aruba,1.61,2024,,
Australia,1.48,2024,,
Austria,1.31,2024,,
Azerbaijan,1.43,2024,,
Bahamas,1.37,2024,,
Bahrain,1.81,2024,,
Bangladesh,2.14,2024,,
Barbados,1.71,2024,,
Belarus,1.22,2024,,
Belgium,1.44,2024,,
Belize,2.02,2024,,
Benin,4.48,2024,,
Bermuda,1.41,2024,,
Bhutan,1.45,2024,,
Bolivia,2.52,2024,,
Bosnia And Herzegovina,1.49,2024,,
Botswana,2.7,2024,,
Brazil,1.61,2024,,
British Virgin Islands,1.05,2024,,
Brunei,1.73,2024,,
Bulgaria,1.72,2024,,
Burkina Faso,4.11,2024,,
Burundi,4.79,2024,,
Cabo Verde,1.51,2024,,
Cambodia,2.55,2024,,
Cameroon,4.26,2024,,
Canada,1.25,2024,,
Cayman Islands,1.53,2024,,
Central African Republic,5.95,2024,,
Chad,6.03,2024,,
Chile,1.14,2024,,
China,1.01,2024,,
Colombia,1.63,2024,,
Comoros,3.82,2024,,
Congo,4.11,2024,,
Costa Rica,1.32,2024,,
Croatia,1.46,2024,,
Cuba,1.45,2024,,
Curacao,1.4,2024,,
Cyprus,1.38,2024,,
Czech Republic,1.36,2024,,
Denmark,1.47,2024,,
Djibouti,2.62,2024,,
Dominica,1.48,2024,,
Dominican Republic,2.22,2024,,
DR Congo,5.98,2024,,
Ecuador,1.81,2024,,
Egypt,2.74,2024,,
El Salvador,1.77,2024,,
Equatorial Guinea,4.12,2024,,
Eritrea,3.68,2024,,
Estonia,1.18,2024,,
Eswatini,2.72,2024,,
Ethiopia,3.91,2024,,
Faroe Islands,1.91,2024,,
Fiji,2.27,2024,,
Finland,1.25,2024,,
France,1.61,2024,,
French Polynesia,1.49,2024,,
Gabon,3.59,2024,,
Gambia,3.91,2024,,
Georgia,1.8,2024,,
Germany,1.36,2024,,
Ghana,3.34,2024,,
Gibraltar,1.89,2024,,
Greece,1.24,2024,,
Greenland,1.71,2024,,
Grenada,1.47,2024,,
Guam,2.75,2024,,
Guatemala,2.29,2024,,
Guinea,4.13,2024,,
Guinea-Bissau,3.76,2024,,
Guyana,2.4,2024,,
Haiti,2.63,2024,,
Honduras,2.48,2024,,
Hong Kong,0.84,2024,,
Hungary,1.41,2024,,
Iceland,1.56,2024,,
India,1.96,2024,,
Indonesia,2.12,2024,,
Iran,1.68,2024,,
Iraq,3.22,2024,,
Ireland,1.47,2024,,
Israel,2.87,2024,,
Italy,1.18,2024,,
Ivory Coast,4.23,2024,,
Jamaica,1.35,2024,,
Japan,1.15,2024,,
Jordan,2.6,2024,,
Kazakhstan,2.98,2024,,
Kenya,3.17,2024,,
Kiribati,3.12,2024,,
Kuwait,1.56,2024,,
Kyrgyzstan,2.6,2024,,
Laos,2.4,2024,,
Latvia,1.24,2024,,
Lebanon,2.23,2024,,
Lesotho,2.66,2024,,
Liberia,3.86,2024,,
Libya,2.3,2024,,
Liechtenstein,1.37,2024,,
Lithuania,1.11,2024,,
Luxembourg,1.25,2024,,
Macao,0.58,2024,,
Madagascar,3.91,2024,,
Malawi,3.59,2024,,
Malaysia,1.54,2024,,
Maldives,1.56,2024,,
Mali,5.51,2024,,
Malta,1.01,2024,,
Marshall Islands,2.86,2024,,
Mauritania,4.63,2024,,
Mauritius,1.44,2024,,
Mexico,1.89,2024,,
Micronesia,2.74,2024,,
Moldova,1.73,2024,,
Monaco,2.1,2024,,
Mongolia,2.5,2024,,
Montenegro,1.8,2024,,
Morocco,2.21,2024,,
Mozambique,4.69,2024,,
Myanmar,2.1,2024,,
Namibia,3.21,2024,,
Nauru,3.29,2024,,
Nepal,1.96,2024,,
Netherlands,1.43,2024,,
New Caledonia,1.96,2024,,
New Zealand,1.57,2024,,
Nicaragua,2.21,2024,,
Niger,5.94,2024,,
Nigeria,4.38,2024,,
North Korea,1.78,2024,,
North Macedonia,1.4,2024,,
Northern Mariana Islands,2.32,2024,,
Norway,1.45,2024,,
Oman,2.51,2024,,
Pakistan,3.55,2024,,
Palau,1.88,2024,,
Palestine,3.25,2024,,
Panama,2.11,2024,,
Papua New Guinea,3.07,2024,,
Paraguay,2.42,2024,,
Peru,1.97,2024,,
Philippines,1.89,2024,,
Poland,1.14,2024,,
Portugal,1.41,2024,,
Puerto Rico,0.92,2024,,
Qatar,1.72,2024,,
Romania,1.39,2024,,
Russia,1.42,2024,,
Rwanda,3.65,2024,,
Saint Kitts and Nevis,1.53,2024,,
Saint Lucia,1.39,2024,,
Saint Vincent and the Grenadines,1.76,2024,,
Samoa,3.8,2024,,
San Marino,1.16,2024,,
Sao Tome and Principe,3.6,2024,,
Saudi Arabia,2.31,2024,,
Senegal,3.77,2024,,
Serbia,1.64,2024,,
Seychelles,1.85,2024,,
Sierra Leone,3.7,2024,,
Singapore,0.97,2024,,
Sint Maarten,1.44,2024,,
Slovakia,1.46,2024,,
Slovenia,1.52,2024,,
Solomon Islands,3.51,2024,,
Somalia,6.01,2024,,
South Africa,2.21,2024,,
South Korea,0.75,2024,,
South Sudan,3.79,2024,,
Spain,1.1,2024,,
Sri Lanka,1.95,2024,,
Sudan,4.26,2024,,
Suriname,2.23,2024,,
Sweden,1.43,2024,,
Switzerland,1.29,2024,,
Syria,2.7,2024,,
Taiwan,0.86,2024,,
Tajikistan,3.04,2024,,
Tanzania,4.54,2024,,
Thailand,1.2,2024,,
Timor-Leste,2.63,2024,,
Togo,4.12,2024,,
Tonga,3.1,2024,,
Trinidad And Tobago,1.54,2024,,
Tunisia,1.82,2024,,
Turkey,1.48,2024,,
Turkmenistan,2.66,2024,,
Turks and Caicos Islands,1.45,2024,,
Tuvalu,3.17,2024,,
Uganda,4.17,2024,,
Ukraine,0.99,2024,,
United Arab Emirates,1.21,2024,,
United Kingdom,1.55,2024,,
United States,1.63,2024,,
Uruguay,1.4,2024,,
US Virgin Islands,1.97,2024,,
Uzbekistan,3.49,2024,,
Vanuatu,3.57,2024,,
Venezuela,2.08,2024,,
Vietnam,1.9,2024,,
Yemen,4.5,2024,,
Zambia,4.04,2024,,
Zimbabwe,3.67,2024,,
